dataset,model,threshold_q,group,delta,delta_low,delta_high,n_group,normal_rate,n_normal
P1,CS-LSTM AE,0.95,Hottest 10%,44.30333894440774,31.076641021168665,57.08220520166913,71,4.992435703479576,661
P1,CS-LSTM AE,0.95,Wettest 10%,34.75115404011017,22.683381959931626,47.261659633636825,78,4.992435703479576,661
P1,CS-LSTM AE,0.975,Hottest 10%,41.789009396773984,28.778281551873256,54.63759056672944,71,4.689863842662632,661
P1,CS-LSTM AE,0.975,Wettest 10%,31.207572054773266,19.565426482162216,43.65002720945407,78,4.689863842662632,661
P1,CS-LSTM AE,0.99,Hottest 10%,38.168801005731815,25.574986435147785,51.027248061610365,71,4.084720121028744,661
P1,CS-LSTM AE,0.99,Wettest 10%,24.12040808409946,13.54735297342172,36.20892491429022,78,4.084720121028744,661
P1,Gaussian Copula,0.95,Hottest 10%,-1.372227312437408,-6.17296707184266,7.614580384628346,71,5.597579425113464,661
P1,Gaussian Copula,0.95,Wettest 10%,52.09472826719423,39.001088267461974,63.95308905259296,78,5.597579425113464,661
P1,Gaussian Copula,0.975,Hottest 10%,-1.7685538343525602,-4.558879140349678,5.469047832013234,71,3.177004538577912,661
P1,Gaussian Copula,0.975,Wettest 10%,36.56658520501184,24.803762201961085,48.7511618057042,78,3.177004538577912,661
P1,Gaussian Copula,0.99,Hottest 10%,-2.26928895612708,-3.710228452305847,3.7530277643921988,71,2.26928895612708,661
P1,Gaussian Copula,0.99,Wettest 10%,16.96148027464215,8.304872596517898,27.955072773031485,78,2.26928895612708,661
P2,CS-LSTM AE,0.95,Hottest 10%,38.455988455988454,24.251772919939263,48.77527404370332,70,48.686868686868685,495
P2,CS-LSTM AE,0.95,Wettest 10%,25.159285159285155,8.965708235301314,38.67124097462646,65,48.686868686868685,495
P2,CS-LSTM AE,0.975,Hottest 10%,10.562770562770563,-1.6486458519925158,24.764370195959028,70,15.151515151515152,495
P2,CS-LSTM AE,0.975,Wettest 10%,11.002331002331005,-1.5597327430831562,25.689051623066053,65,15.151515151515152,495
P2,CS-LSTM AE,0.99,Hottest 10%,4.7186147186147185,-1.099783043805071,14.263521676657456,70,2.4242424242424243,495
P2,CS-LSTM AE,0.99,Wettest 10%,3.72960372960373,-1.7702928511782012,13.390269374662022,65,2.4242424242424243,495
P2,Gaussian Copula,0.95,Hottest 10%,3.0735930735930737,-1.1508797709163536,11.303190920788696,70,1.2121212121212122,495
P2,Gaussian Copula,0.95,Wettest 10%,69.55710955710956,56.184725643142464,79.86006829034432,65,1.2121212121212122,495
P2,Gaussian Copula,0.975,Hottest 10%,0.8225108225108225,-1.5139514310539817,7.45204848191425,70,0.6060606060606061,495
P2,Gaussian Copula,0.975,Wettest 10%,42.47086247086247,29.992697965968304,54.96092079300525,65,0.6060606060606061,495
P2,Gaussian Copula,0.99,Hottest 10%,-0.202020202020202,-1.135363535059839,5.166817972419409,70,0.202020202020202,495
P2,Gaussian Copula,0.99,Wettest 10%,21.33644133644134,12.151274095989109,32.93112101435949,65,0.202020202020202,495
