plant,variable,unit,n_total_days,count_non_missing,missing_count,missing_percent,mean,std,min,q25,median,q75,max
P1,1TP,m³/day,1247,1175,72,5.773857257417802,401662.5634042553,57092.69317872044,262800.0,367200.0,389569.0,421250.0,796776.0
P1,2TP,m³/day,1247,1175,72,5.773857257417802,347654.3685106383,62969.9855095487,234400.0,307750.0,333117.0,368321.0,697738.0
P1,Average Humidity,%,1247,1175,72,5.773857257417802,65.26008510638299,13.88184559526364,22.9,55.4,65.3,75.0,99.3
P1,Average Temperature,°C,1247,1175,72,5.773857257417802,12.77004255319149,10.569096311727378,-14.9,4.4,13.3,21.85,31.7
P1,Average Wind Speed,m/s,1247,1175,72,5.773857257417802,2.531234042553191,0.8279115731439797,1.1,1.9,2.4,3.0,6.4
P1,BODin,mg/L,1247,1175,72,5.773857257417802,149.98731914893617,48.321595168954566,47.7,112.9,145.2,181.1,394.5
P1,BODout1,mg/L,1247,1175,72,5.773857257417802,4.132765957446808,2.241616695468317,0.2,2.3,3.7,5.7,10.6
P1,BODout2,mg/L,1247,1175,72,5.773857257417802,4.901872340425531,2.499239386993923,0.2,2.9,4.6,6.7,11.4
P1,Day,day index,1247,1247,0,0.0,624.0,360.1222014816637,1.0,312.5,624.0,935.5,1247.0
P1,Direction of highest moment wind speed,degrees,1247,1175,72,5.773857257417802,219.42127659574467,97.9996109059702,20.0,140.0,250.0,290.0,360.0
P1,Direction of highest wind speed,degrees,1247,1175,72,5.773857257417802,226.60425531914893,90.17846671583662,20.0,200.0,270.0,290.0,360.0
P1,Highest Moment Wind Speed,m/s,1247,1175,72,5.773857257417802,8.666468085106382,2.463992626096774,3.9,6.9,8.3,10.0,19.3
P1,Highest Temperature,°C,1247,1175,72,5.773857257417802,17.515404255319147,10.522940429539052,-10.7,8.95,18.6,26.4,36.5
P1,Highest Wind Speed,m/s,1247,1175,72,5.773857257417802,5.29072340425532,1.377028899616934,2.2,4.3,5.1,6.1,11.1
P1,Lowest Humidity,%,1247,1175,72,5.773857257417802,45.05957446808511,16.463832380406277,13.0,33.0,43.0,56.0,97.0
P1,Lowest Temperature,°C,1247,1175,72,5.773857257417802,8.670127659574467,10.859732188385248,-18.6,0.05,8.7,17.95,27.8
P1,Lowest Temperature Time,HH:MM:SS or index,1247,1,1246,99.91980753809142,0.0,,0.0,0.0,0.0,0.0,0.0
P1,Max Precipitation in 1 hour,mm/h,1247,1175,72,5.773857257417802,1.2713191489361704,4.866453628253819,0.0,0.0,0.0,0.0,65.7
P1,Max Precipitation time in 1 hour,HH:MM:SS or index,1247,978,269,21.57177225340818,0.0,0.0,0.0,0.0,0.0,0.0,0.0
P1,Precipitation,mm/day,1247,1175,72,5.773857257417802,3.7374468085106383,13.693579376234744,0.0,0.0,0.0,0.4,176.2
P1,SSout1,mg/L,1247,1175,72,5.773857257417802,4.044936170212766,1.7337336914757304,0.2,2.8,3.8,5.1,10.0
P1,SSout2,mg/L,1247,1175,72,5.773857257417802,3.828595744680851,1.6113310397753082,0.2,2.7,3.6,4.6,13.0
P1,Ssin,mg/L,1247,1175,72,5.773857257417802,128.66212765957448,49.92701969173456,20.0,100.0,120.0,140.0,630.0
P1,Sum,m³/day,1247,1175,72,5.773857257417802,749231.765106383,113358.086757434,544600.0,679804.0,714657.0,780664.5,1423827.0
P1,Sunshine Duration,hours/day,1247,1175,72,5.773857257417802,6.111063829787234,4.008480806148971,0.0,2.2,6.9,9.3,13.5
P1,TNin,mg/L,1247,1175,72,5.773857257417802,37.44547489361703,7.920447359672962,5.723,33.188,37.428,41.185500000000005,72.945
P1,TNout1,mg/L,1247,1175,72,5.773857257417802,11.838213617021278,2.581648590029994,4.212,9.936,11.782,13.562,19.242
P1,TNout2,mg/L,1247,1175,72,5.773857257417802,10.752465531914895,2.8774321332974258,4.081,8.638,10.662,12.877,19.518
P1,TOCin,mg/L,1247,1175,72,5.773857257417802,93.30868085106384,31.420321219979776,20.8,72.9,89.6,110.0,307.0
P1,TOCout1,mg/L,1247,1175,72,5.773857257417802,7.736,2.1330224255273045,0.5,6.2,7.6,9.1,15.6
P1,TOCout2,mg/L,1247,1175,72,5.773857257417802,7.632510638297873,2.2508219383840475,0.8,6.1,7.5,8.9,18.2
P1,TPout1,mg/L,1247,1175,72,5.773857257417802,0.2129370212765957,0.1008868398900997,0.027,0.145,0.195,0.26,1.047
P1,TPout2,mg/L,1247,1175,72,5.773857257417802,0.1588110638297872,0.0997916315337384,0.01,0.091,0.134,0.195,0.727
P1,Total Solar Radiation,MJ/m²/day,1247,1175,72,5.773857257417802,14.037191489361703,7.283682232122058,0.0,8.675,13.16,19.18,31.35
P1,Tpin,mg/L,1247,1175,72,5.773857257417802,3.693389787234042,0.8030995457005745,0.501,3.2775,3.702,4.0815,9.153
P1,bad_date_flag,boolean (0/1),1247,1247,0,0.0,0.057738572574178,0.2333420095023673,0.0,0.0,0.0,0.0,1.0
P1,date_mismatch_flag,boolean (0/1),1247,1247,0,0.0,0.028869286287089,0.1675062723572604,0.0,0.0,0.0,0.0,1.0
P1,dup_date_original_flag,boolean (0/1),1247,1247,0,0.0,0.057738572574178,0.2333420095023673,0.0,0.0,0.0,0.0,1.0
P2,BODin,mg/L,1031,1031,0,0.0,54.61400833,21.657165213550567,15.6,39.2,50.1,64.5,174.0
P2,BODout,mg/L,1031,1031,0,0.0,4.342720096314259,1.0222716079237186,1.2,3.8,4.3,5.0,7.8
P2,Coliformin,CFU/100mL,1031,1031,0,0.0,180505.45992356932,35803.05723223659,90000.0,160000.0,180000.0,200000.0,380000.0
P2,Coliformout,CFU/100mL,1031,1031,0,0.0,1276.3811187846752,415.09415580893005,420.0,1000.0,1200.0,1400.0,2800.0
P2,Inflow,m³/day,1031,1031,0,0.0,220207.75050514063,17025.35205713721,172380.0,207380.0,218410.0,231915.0,277890.0
P2,Outflow,m³/day,1031,1031,0,0.0,217676.8728372454,16829.680138268173,170400.0,205000.0,215900.0,229250.0,274700.0
P2,SSin,mg/L,1031,1031,0,0.0,70.01250445073714,31.912599705653065,14.0,50.0,62.0,84.0,314.0
P2,SSout,mg/L,1031,1031,0,0.0,4.537084066054316,1.052659207536019,0.9,3.8,4.5,5.0,8.0
P2,TNin,mg/L,1031,1031,0,0.0,24.93329370265761,5.696687516858152,11.71,20.705,24.18,28.25,50.88
P2,TNout,mg/L,1031,1031,0,0.0,12.6902494085354,2.2340692604193517,6.31,11.11,12.6,14.065,19.6
P2,TOCin,mg/L,1031,1031,0,0.0,49.16360174340446,16.25146456127084,15.1,39.2,47.2,56.7,142.7
P2,TOCout,mg/L,1031,1031,0,0.0,13.87644262742968,2.381861283450537,8.1,12.2,13.7,15.3,21.7
P2,TPin,mg/L,1031,1031,0,0.0,1.7682611042657612,0.4888195186499878,0.8,1.43,1.69,2.03,5.21
P2,TPout,mg/L,1031,1031,0,0.0,0.5672691635383122,0.1606543651434932,0.15,0.45,0.55,0.67,1.19
P2,day,day index,1031,1031,0,0.0,15.758486905916586,8.781316399511153,1.0,8.0,16.0,23.0,31.0
P2,dewpoint_mean_c,°C,1031,1031,0,0.0,7.964423698666343,12.175346130836516,-25.79583333,0.1833333335,8.7625,19.1625,25.79583333
P2,missing_hours,hours/day,1031,1031,0,0.0,0.0,0.0,0.0,0.0,0.0,0.0,0.0
P2,precip_max_12h_mm,mm/12h,1031,1031,0,0.0,3.4282250242483028,12.083507521860875,0.0,0.0,0.0,0.1,145.8
P2,precip_max_1h_mm,mm/h,1031,1031,0,0.0,1.3550921435499517,4.29222493803456,0.0,0.0,0.0,0.1,48.1
P2,precip_max_3h_mm,mm/3h,1031,1031,0,0.0,2.169932104752667,7.505436728187284,0.0,0.0,0.0,0.1,105.6
P2,precip_max_6h_mm,mm/6h,1031,1031,0,0.0,2.824442289039767,9.636910437021855,0.0,0.0,0.0,0.1,107.2
P2,precip_raw_nan_hours,hours/day,1031,1031,0,0.0,21.56062075654704,4.7230031176401575,0.0,21.0,24.0,24.0,24.0
P2,precip_total_mm,mm/day,1031,1031,0,0.0,3.6335596508244414,12.82928078545028,0.0,0.0,0.0,0.1,151.9
P2,rh_mean_pct,%,1031,1031,0,0.0,65.2156037826479,19.306084417307154,19.29166667,50.41666667,68.875,80.89583333,98.0
P2,sea_level_pressure_mean_hpa,hPa,1031,1031,0,0.0,1015.3596670030068,7.510517530564176,992.5666667,1009.5145835,1015.566667,1020.93125,1034.670833
P2,solar_rad_raw_nan_hours,hours/day,1031,1031,0,0.0,20.20756547041707,6.166113234187803,9.0,12.0,24.0,24.0,24.0
P2,solar_rad_total_mj_m2,MJ/m²/day,1031,1031,0,0.0,4.524558680892337,8.233763426837452,0.0,0.0,0.0,5.445,28.79
P2,sun_raw_nan_hours,hours/day,1031,1031,0,0.0,10.73811833171678,1.5664231562482125,9.0,9.0,11.0,12.0,14.0
P2,sunshine_total_hr,hours/day,1031,1031,0,0.0,6.8737148399612025,3.9992981996193526,0.0,3.35,8.3,9.8,13.4
P2,temp_max_c,°C,1031,1031,0,0.0,19.662657613967024,8.322353354515492,-4.6,13.55,20.7,26.3,34.5
P2,temp_mean_c,°C,1031,1031,0,0.0,15.386380536632394,8.595336446698234,-8.825,9.070833333,16.125,22.702083335,30.58333333
P2,temp_min_c,°C,1031,1031,0,0.0,11.583511154219204,9.125153526551092,-13.2,4.5,12.0,19.9,28.0
P2,temp_range_c,°C,1031,1031,0,0.0,8.079146459747818,3.0637532741933806,1.5,5.9,8.1,10.1,17.4
P2,wet_hours,hours/day,1031,1031,0,0.0,1.5557710960232785,3.630044954384597,0.0,0.0,0.0,1.0,24.0
P2,wind_max_ms,m/s,1031,1031,0,0.0,3.8226964112512127,1.1009302791680544,1.5,3.0,3.7,4.5,10.6
P2,wind_mean_ms,m/s,1031,1031,0,0.0,2.0950533462512126,0.7382308885201241,0.625,1.533333333,2.0,2.5354166665,5.670833333
