ClimateGroup,n_days,n_anomalies,mean_score,anomaly_rate_percent,ci95_low_percent,ci95_high_percent,model,threshold_quantile,wet_minus_normal_pp,hot_minus_normal_pp,dataset
Normal,495,241,0.904197355532887,48.686868686868685,44.310703965054394,53.08325836687623,CS-LSTM AE,0.95,25.159285159285155,38.455988455988454,Seoul3
Hottest 10%,70,61,1.101121710027967,87.14285714285714,77.3350312868155,93.08597800875773,CS-LSTM AE,0.95,25.159285159285155,38.455988455988454,Seoul3
Wettest 10%,65,48,1.0764396406137027,73.84615384615384,62.04896660217754,82.98194493968086,CS-LSTM AE,0.95,25.159285159285155,38.455988455988454,Seoul3
Normal,495,6,12.533216269853598,1.2121212121212122,0.5566701533914387,2.6190072560307107,Gaussian Copula,0.95,69.55710955710956,3.0735930735930737,Seoul3
Hottest 10%,70,3,13.775356345942127,4.285714285714286,1.4681274851143573,11.859861074180134,Gaussian Copula,0.95,69.55710955710956,3.0735930735930737,Seoul3
Wettest 10%,65,46,31.49724874231615,70.76923076923077,58.80373289917318,80.41673844373575,Gaussian Copula,0.95,69.55710955710956,3.0735930735930737,Seoul3
Normal,495,75,0.904197355532887,15.151515151515152,12.261981774756395,18.577787803402288,CS-LSTM AE,0.975,11.002331002331001,10.562770562770563,Seoul3
Hottest 10%,70,18,1.101121710027967,25.714285714285715,16.929141951409772,37.026351970715424,CS-LSTM AE,0.975,11.002331002331001,10.562770562770563,Seoul3
Wettest 10%,65,17,1.0764396406137027,26.153846153846153,17.01805506031913,37.95103339782245,CS-LSTM AE,0.975,11.002331002331001,10.562770562770563,Seoul3
Normal,495,3,12.533216269853598,0.6060606060606061,0.2063212220126581,1.766569571377468,Gaussian Copula,0.975,42.47086247086247,0.8225108225108225,Seoul3
Hottest 10%,70,1,13.775356345942127,1.4285714285714286,0.25261814032348645,7.658369703926908,Gaussian Copula,0.975,42.47086247086247,0.8225108225108225,Seoul3
Wettest 10%,65,28,31.49724874231615,43.07692307692308,31.759267537345774,55.16724201501791,Gaussian Copula,0.975,42.47086247086247,0.8225108225108225,Seoul3
Normal,495,12,0.904197355532887,2.4242424242424243,1.3920914466517729,4.1891591948344225,CS-LSTM AE,0.99,3.72960372960373,4.7186147186147185,Seoul3
Hottest 10%,70,5,1.101121710027967,7.142857142857143,3.0893761510293523,15.655613123309228,CS-LSTM AE,0.99,3.72960372960373,4.7186147186147185,Seoul3
Wettest 10%,65,4,1.0764396406137027,6.153846153846154,2.418866343656222,14.782360821313794,CS-LSTM AE,0.99,3.72960372960373,4.7186147186147185,Seoul3
Normal,495,1,12.533216269853598,0.20202020202020202,0.035669514308938645,1.135363535059839,Gaussian Copula,0.99,21.33644133644134,-0.20202020202020202,Seoul3
Hottest 10%,70,0,13.775356345942127,0.0,0.0,5.202487486728348,Gaussian Copula,0.99,21.33644133644134,-0.20202020202020202,Seoul3
Wettest 10%,65,14,31.49724874231615,21.53846153846154,13.286637631048947,32.966790528668426,Gaussian Copula,0.99,21.33644133644134,-0.20202020202020202,Seoul3
