dataset,model,threshold_quantile,ClimateGroup,anomaly_rate_percent,n_days,ci95_low_percent,ci95_high_percent
Seoul_Tancheon_WWTP,CS-LSTM AE,0.95,Hottest 10%,49.29577464788732,71,38.00495431702562,60.658890389661565
Seoul_Tancheon_WWTP,CS-LSTM AE,0.95,Normal,4.992435703479576,661,3.576685187992431,6.928313295856955
Seoul_Tancheon_WWTP,CS-LSTM AE,0.95,Wettest 10%,39.743589743589745,78,29.611695255788582,50.838344821629256
Seoul_Tancheon_WWTP,CS-LSTM AE,0.975,Hottest 10%,46.478873239436616,71,35.358257090400144,57.96096644303581
Seoul_Tancheon_WWTP,CS-LSTM AE,0.975,Normal,4.689863842662632,661,3.323375876306363,6.579975538526886
Seoul_Tancheon_WWTP,CS-LSTM AE,0.975,Wettest 10%,35.8974358974359,78,26.1454020206891,46.97340308576044
Seoul_Tancheon_WWTP,CS-LSTM AE,0.99,Hottest 10%,42.25352112676056,71,31.452830477014633,53.849461296544476
Seoul_Tancheon_WWTP,CS-LSTM AE,0.99,Normal,4.084720121028744,661,2.822213234934121,5.87784404186685
Seoul_Tancheon_WWTP,CS-LSTM AE,0.99,Wettest 10%,28.205128205128204,78,19.42519701528857,39.03113814922434
Seoul_Tancheon_WWTP,Gaussian Copula,0.95,Hottest 10%,4.225352112676056,71,1.447299824982666,11.702606109684684
Seoul_Tancheon_WWTP,Gaussian Copula,0.95,Normal,5.597579425113464,661,4.088025725056338,7.620266896825326
Seoul_Tancheon_WWTP,Gaussian Copula,0.95,Wettest 10%,57.69230769230769,78,46.6213551642873,68.0411147776493
Seoul_Tancheon_WWTP,Gaussian Copula,0.975,Hottest 10%,1.408450704225352,71,0.24905391347781955,7.556230847938291
Seoul_Tancheon_WWTP,Gaussian Copula,0.975,Normal,3.177004538577912,661,2.0871830159250573,4.807933053827497
Seoul_Tancheon_WWTP,Gaussian Copula,0.975,Wettest 10%,39.743589743589745,78,29.611695255788582,50.838344821629256
Seoul_Tancheon_WWTP,Gaussian Copula,0.99,Hottest 10%,0.0,71,0.0,5.132974174790491
Seoul_Tancheon_WWTP,Gaussian Copula,0.99,Normal,2.26928895612708,661,1.3799464103982924,3.710228452305847
Seoul_Tancheon_WWTP,Gaussian Copula,0.99,Wettest 10%,19.23076923076923,78,12.015101048823745,29.33501918342978
