fold,train_start_idx,train_end_idx,test_start_idx,test_end_idx,n_train,n_test,gc_thr_0.99,cs_thr_0.99
0,0,364,365,454,365,90,40.32019555804881,1.2333889400959015
1,0,454,455,544,455,90,47.58435402889985,1.3933951699733733
2,0,544,545,634,545,90,47.36232965692386,1.3522476279735565
3,0,634,635,724,635,90,41.166960156631546,1.4529683887958524
4,0,724,725,814,725,90,45.082141765320436,1.5982482588291165
5,0,814,815,904,815,90,51.070044417505386,1.5817218637466433
6,0,904,905,994,905,90,40.282676949778164,1.619045436382295
7,0,994,995,1084,995,90,36.754060979723164,1.3406820189952806
8,0,1084,1085,1174,1085,90,39.134798849857496,1.3697354495525356
