variable,unit,mean_P1,mean_P2,median_P1,median_P2,missing_percent_P1,missing_percent_P2,q25_P1,q25_P2,q75_P1,q75_P2,std_P1,std_P2
1TP,m³/day,401662.563,,389569.0,,5.774,,367200.0,,421250.0,,57092.693,
2TP,m³/day,347654.369,,333117.0,,5.774,,307750.0,,368321.0,,62969.986,
Average Humidity,%,65.26,,65.3,,5.774,,55.4,,75.0,,13.882,
Average Temperature,°C,12.77,,13.3,,5.774,,4.4,,21.85,,10.569,
Average Wind Speed,m/s,2.531,,2.4,,5.774,,1.9,,3.0,,0.828,
BODin,mg/L,149.987,54.614,145.2,50.1,5.774,0.0,112.9,39.2,181.1,64.5,48.322,21.657
BODout,mg/L,,4.343,,4.3,,0.0,,3.8,,5.0,,1.022
BODout1,mg/L,4.133,,3.7,,5.774,,2.3,,5.7,,2.242,
BODout2,mg/L,4.902,,4.6,,5.774,,2.9,,6.7,,2.499,
Inflow,m³/day,,220207.751,,218410.0,,0.0,,207380.0,,231915.0,,17025.352
Max Precipitation in 1 hour,mm/h,1.271,,0.0,,5.774,,0.0,,0.0,,4.866,
Outflow,m³/day,,217676.873,,215900.0,,0.0,,205000.0,,229250.0,,16829.68
Precipitation,mm/day,3.737,,0.0,,5.774,,0.0,,0.4,,13.694,
SSin,mg/L,,70.013,,62.0,,0.0,,50.0,,84.0,,31.913
SSout,mg/L,,4.537,,4.5,,0.0,,3.8,,5.0,,1.053
SSout1,mg/L,4.045,,3.8,,5.774,,2.8,,5.1,,1.734,
SSout2,mg/L,3.829,,3.6,,5.774,,2.7,,4.6,,1.611,
Ssin,mg/L,128.662,,120.0,,5.774,,100.0,,140.0,,49.927,
TNin,mg/L,37.445,24.933,37.428,24.18,5.774,0.0,33.188,20.705,41.186,28.25,7.92,5.697
TNout,mg/L,,12.69,,12.6,,0.0,,11.11,,14.065,,2.234
TNout1,mg/L,11.838,,11.782,,5.774,,9.936,,13.562,,2.582,
TNout2,mg/L,10.752,,10.662,,5.774,,8.638,,12.877,,2.877,
TPin,mg/L,,1.768,,1.69,,0.0,,1.43,,2.03,,0.489
TPout,mg/L,,0.567,,0.55,,0.0,,0.45,,0.67,,0.161
TPout1,mg/L,0.213,,0.195,,5.774,,0.145,,0.26,,0.101,
TPout2,mg/L,0.159,,0.134,,5.774,,0.091,,0.195,,0.1,
Tpin,mg/L,3.693,,3.702,,5.774,,3.278,,4.082,,0.803,
precip_max_1h_mm,mm/h,,1.355,,0.0,,0.0,,0.0,,0.1,,4.292
precip_total_mm,mm/day,,3.634,,0.0,,0.0,,0.0,,0.1,,12.829
rh_mean_pct,%,,65.216,,68.875,,0.0,,50.417,,80.896,,19.306
temp_mean_c,°C,,15.386,,16.125,,0.0,,9.071,,22.702,,8.595
temp_range_c,°C,,8.079,,8.1,,0.0,,5.9,,10.1,,3.064
wind_mean_ms,m/s,,2.095,,2.0,,0.0,,1.533,,2.535,,0.738
