CSLSTM_TrainScore,GC_TrainScore
0.40510452,27.856265569398982
0.3200084,24.2351054438986
0.28574625,27.140891626126784
0.24607489,19.415541536519896
0.24436055,21.58390882571169
0.24889374,18.313025361054038
0.25360957,19.664837684088795
0.2749668,21.458446223935358
0.3576429,20.66354332373109
0.3851914,19.890148193904757
0.36946997,19.857668272883988
0.38864124,13.944508081335087
0.42302454,19.670184445454804
0.391271,15.451004471244035
0.41584682,15.53808638119104
0.42189336,17.55174974812462
0.42489016,20.459363184143598
0.44725105,15.925146705271608
0.46103263,20.313625818359235
0.5138009,17.05098024639473
0.5200668,22.74798725549836
0.5136892,22.029086146944017
0.46052423,19.517946573908834
0.46229172,17.297135374697195
0.4511662,17.43117500448428
0.41833752,16.879194440568945
0.38349566,16.88930968127641
0.39315152,13.694565586956557
0.386444,19.40103624812682
0.39411855,17.6210206423741
0.4101047,19.613886515216706
0.4026657,17.406333508164117
0.3991075,13.999441159394593
0.34616613,18.0452556045499
0.359247,19.566079010025003
0.3940142,20.331828154545168
0.41960973,23.596029310658032
0.4227149,18.073353163169145
0.43688235,18.757919496161882
0.4482631,23.059655183100972
0.46764565,21.134478599209572
0.4687789,22.291454085969466
0.46787408,21.778222463777645
0.509862,21.79469308870027
0.47016767,19.19345501892807
0.46304163,20.168818887361205
0.4555101,18.726191580204183
0.4936277,20.962740161737045
0.7376801,22.708917185224905
0.7158593,23.267046696074978
0.7261266,22.259788135815704
0.72633755,18.1663860144059
0.7450272,21.862363500082395
0.7300379,22.733595846785835
0.6641039,13.999441159394593
0.6738085,19.334814113092094
0.6730999,23.841835650369056
0.63430977,19.815267418272516
0.6454208,17.578439976662665
0.6756229,13.999441159394593
0.72590643,19.639035404003685
0.6964044,33.1122542781649
0.33387756,22.746152355613887
0.3335688,23.146111661480404
0.3276286,18.82029642466882
0.33516428,18.387364546758093
0.3699478,18.648351383198595
0.3639772,16.282908731158635
0.37219968,20.932016937504834
0.34500402,22.421556901487207
0.29611415,16.01532957754701
0.32449397,18.71447946148642
0.36372593,20.049121644184297
0.38329023,18.403996670853303
0.36587095,17.614595157559414
0.356742,13.999441159394593
0.38814265,17.834635650626634
0.3996383,20.348729756319457
0.39948928,20.549783507468725
0.5305234,25.551630771590663
0.44674432,15.426085514618993
0.4604489,18.24321398546552
0.52003074,15.403737670275692
0.54761195,15.16088183070605
0.5634601,17.87485488733835
0.5460702,27.751890769122923
0.5425374,21.798190848595553
0.53985983,12.86490072193355
0.5275442,16.807311733969506
0.54945433,18.764940387606057
0.53311414,14.854998796537702
0.50503194,13.999441159394593
0.570706,26.073200606612797
0.4212665,22.27527396831096
0.36988276,17.64117762309464
0.3392661,14.402153299378494
0.2918253,15.255483279063252
0.28579432,13.395563728376924
0.29547974,14.57151726260826
0.32688776,19.97112271803369
0.33482867,21.504005956551328
0.33277142,20.81613983933067
0.3282297,20.624352934142312
0.2912144,15.015218389574304
0.35527763,15.956107214361547
0.36428452,19.25199401008763
0.4013896,15.027710987699649
0.40774852,15.320063481387997
0.39271957,16.17577883228622
0.36392927,16.037781785423967
0.39743695,20.655634239488396
0.41938373,14.688526764027534
0.43483213,15.415817045439429
0.45506263,13.999441159394593
0.47056735,15.382426576905104
0.48861545,19.45476635630154
0.5019817,33.70155744644843
0.50182754,21.473788099644857
0.4735718,28.283515330848388
0.48332283,21.859446270578882
0.44465625,13.999441159394593
0.46331233,13.999441159394593
0.5392275,14.007352264974212
0.5557732,18.67228733371788
0.5334597,18.683146175858937
0.52989906,19.749266405256087
0.48743775,23.460474375587623
0.5444519,16.786012216597957
0.52595115,17.369045631063717
0.52970135,19.975190288100514
0.54402816,19.17534286392747
0.5581862,19.825665936768978
0.56882274,18.290319529844517
0.56072026,13.999441159394593
0.5974337,22.275555702975886
0.70323634,28.791281965084476
0.53587073,22.734049110009586
0.47437662,16.697344095989283
0.48746383,18.428484475211008
0.4932306,18.52629127119718
0.53489494,20.14524213057311
0.49261996,22.309521881770173
0.49376756,18.518090513718228
0.4556192,13.999441159394593
0.46623415,28.427789723919766
0.4300874,18.408169606847196
0.439281,21.827657141790596
0.5748824,24.162426328235362
0.5743396,15.80881538747576
0.54466987,13.999441159394593
0.56115603,13.999441159394593
0.54601943,21.965638500855793
0.6090166,19.3069062356093
0.5705083,20.305472233262947
0.62293303,16.010900064470516
0.6095896,19.23985906421736
0.6351149,18.352332612192548
0.63352257,16.5836528626006
0.6242381,13.090001498545362
0.62258935,14.177356008561542
0.62452745,27.080638147341933
0.4161823,18.33249977250734
0.4031034,14.859389185536804
0.39874715,17.459450915889768
0.5632699,14.197063656895224
0.60265076,17.472438516341718
0.5881992,14.382451785430044
0.6750001,22.7589824383193
0.5779795,16.327507622051673
0.54364055,17.94526733606736
0.657318,16.93921811165537
0.7827352,13.638055579367236
0.7693507,17.354975584216774
0.75383925,24.29645697274031
0.79053456,14.897689854392535
0.7987921,17.12149772860771
0.81698996,20.96139095381185
0.84223306,57.14365356997598
0.5522828,14.132693426958678
0.5331173,23.87754358485794
0.50300467,21.162221431355484
0.5175122,15.289121224872478
0.49662974,16.768791861214126
0.4454716,32.32128498813357
0.37836915,25.284836043543198
0.28765056,14.054601853564307
0.8990307,12.365369934825818
0.90364504,26.692965378649557
0.9251241,18.96328198443087
0.91260606,16.69710109264926
0.9448882,14.53112735898376
0.968852,19.01350829092233
0.98996234,14.419390012707806
1.0362942,13.704076178369377
1.0652518,15.126356050074865
1.0229566,14.533943383078356
1.0187143,14.821346632578447
1.0486581,15.645965038181377
1.0695953,15.084831845200082
1.1383634,64.42338833881706
0.42171165,14.036402531210996
0.43324006,16.11172171171407
0.4419672,19.43879222835604
0.4180216,20.7886834508581
0.39570248,21.07542952589287
0.37535462,19.12269874239454
0.38697577,19.523541598407462
0.3921813,17.25444526892027
0.39748394,15.891380996943015
0.40713742,16.172557024723904
0.4221969,15.573079753714365
0.4396958,19.772018529324406
0.4605066,25.124443483569458
0.4076078,19.621142872530015
0.387463,24.368165706047762
0.36173573,19.20908282570967
0.35849854,15.848370255316318
0.36786768,19.016719918005812
0.3721782,15.074759109909657
0.609273,31.775235415099274
0.6076813,15.814112981124087
0.5809683,16.74558509229854
0.5832559,16.88742110635808
0.623655,19.026012692940768
0.57782423,15.049257018225774
0.6062856,20.698656758317174
0.6047359,22.306116046027828
0.55520374,23.28258831938546
0.60109967,20.958324127116466
0.7062467,19.662284705839568
0.7589604,14.033077266562367
0.76832527,14.789609872230418
0.76522076,36.332649344019515
0.63356906,13.085151811602273
0.7523394,17.639028581277202
0.7281106,16.75100388856228
0.8997924,16.004774309843814
0.8533534,15.358126277699006
0.88676846,16.71214629137146
0.90223503,15.260548851909833
0.91780025,12.852045839624118
0.9765967,15.245854158488521
1.0280132,25.640104187378757
0.8817274,28.548469776128275
0.6631804,13.303632982193392
0.66018003,14.155581271516017
0.66472036,18.354984845624074
0.68666154,15.46427177023391
0.69610655,21.337850428147398
0.7558149,21.512277370253233
0.62278616,18.805211127736868
0.6637727,16.401567539336497
0.73145145,16.547698680454808
0.6816727,15.995387560839378
0.66248715,15.618817267247588
0.76688355,16.72440090618247
0.7347273,13.66254392505346
0.70888907,13.483599421510803
0.7520266,14.42891409417394
0.77662593,14.25270796379569
0.86728114,21.086685381971797
0.7481556,22.74972379949544
0.6952736,14.930706186693357
0.7383635,31.25933756044071
0.58914095,21.497451895786334
0.5138682,19.91533028362383
0.458724,16.715342038503657
0.4127067,14.217582371622232
0.42065433,12.73484035566347
0.4217846,21.042919122136343
0.41718617,14.696470859503119
0.48765832,20.30266375316667
0.52001345,16.5284680918762
0.5221457,31.79263608719565
0.4661964,13.138383120930373
0.5125052,18.104653405331174
0.49239388,21.727812057625556
0.49706548,14.110167052174805
0.53100014,17.820901053043308
0.54526377,20.289401198745658
0.5400899,15.444404859530325
0.50424534,13.650758760026259
0.47239867,21.026500859562717
0.48848578,13.74960149551907
0.4927021,14.741051283321971
0.4958781,16.345342459400374
0.48487556,17.22516095279839
0.45104066,15.647481241777006
0.43561795,16.136143217588028
0.42351156,17.826628368314246
0.44295985,28.040417440892274
0.421482,21.97162571502576
0.37623394,19.583826693533915
0.38148,18.311782812166197
0.4187162,22.427257468189573
0.4445422,17.155171883685764
0.42561245,28.149367939814322
0.38803086,24.65971019977339
0.4886258,17.586448314327527
0.48919502,14.323039222899599
0.4804615,17.041769057439197
0.4655735,17.521630042933218
0.45270225,15.61039016875241
0.480793,16.51923612260201
0.49820712,16.513974969510702
0.4645888,18.32156842636396
0.4307237,14.373774848739963
0.42841122,14.951764118182457
0.40560752,17.835515172635745
0.41503772,17.73520884167798
0.41940302,15.750066576667997
0.4323727,27.90074042539172
0.33935967,15.278819612052375
0.3412761,14.540162431831607
0.33727014,13.56603325237207
0.32714188,13.918397803551263
0.32797506,19.646472169623443
0.33986485,16.125590243036076
0.3831523,14.966825318127292
0.4016713,14.05834947007293
0.49069953,15.47587557131104
0.49639404,12.780441729701845
0.51247454,15.047599402398754
0.49970922,13.696676252205002
0.50636077,19.512300067512996
0.47675836,13.17593987769187
0.50147563,16.943718523286805
0.5042781,15.741930480727016
0.49795455,15.012599110064569
0.5032586,14.463313935527541
0.52659386,18.263805267711486
0.5605764,17.772172105254008
0.5434666,17.91871893550355
0.5079768,26.947870955374082
0.39591524,15.892992538296188
0.39886844,14.448516980871037
0.41189376,13.999441159394593
0.44407973,18.05345175302944
0.41786885,17.03693158732744
0.41118473,16.646194217211463
0.39617634,14.800967103387173
0.4050071,17.53846788722375
0.39348552,13.668642700895205
0.38198587,16.432707178149897
0.3731555,18.84994410990151
0.38000464,21.08086097335267
0.35327,14.133863139567126
0.35506123,12.603695060654633
0.36207625,16.561756330047174
0.32767054,19.031364139166143
0.31159818,19.464297026726822
0.30940393,19.354808810569097
0.32167193,15.990288576443735
0.34006542,17.300430806361472
0.31573287,17.111863207592364
0.32593453,14.336319275162817
0.34624037,16.165179729929974
0.3553251,16.763808163950365
0.32382098,18.00938431577899
0.31666395,17.493640234051618
0.32454434,16.90612370431617
0.3287303,18.6304172526553
0.31792283,14.538813412388624
0.3203561,15.720220685961516
0.31823644,13.999441159394593
0.31764695,17.115115803949216
0.33605576,17.335912763077076
0.34026617,14.116038009575608
0.36272302,16.139578098385954
0.3920787,19.559138822028807
0.3850593,18.700087893683854
0.39456385,16.960314899808374
0.42249563,17.87667165252272
0.43879622,17.151823154047978
0.44866428,14.916289927570144
0.45434114,19.156005616467237
0.47421145,17.64599545251616
0.48777193,21.213639919762606
0.46304944,19.83112121898344
0.44296512,19.438711689497037
0.4300077,17.39034094221313
0.42739892,24.01637479820958
0.40883473,24.989520065710966
0.3728025,18.497419409151448
0.37113813,20.92446036907019
0.37544662,23.709479609811073
0.3287297,21.672945093238795
0.27870557,14.548552909970457
0.26341584,17.29623849451169
0.29759178,18.589614737349756
0.27976722,15.249320569092742
0.28511468,14.943803996430898
0.2655656,13.700683148869947
0.29091734,16.26638629171817
0.2933858,16.15873847012655
0.2957977,16.71462923811547
0.35575196,21.352466200221727
0.36649042,17.770757107426682
0.3887783,16.695352291766568
0.38927498,17.447992130446856
0.41328195,17.01539380641536
0.4028556,16.67449671919993
0.41211984,16.444101710618092
0.38652405,15.551884342667226
0.35849968,15.493784838433339
0.36009768,16.12223701308048
0.37746918,18.888919538670358
0.3834796,15.537939247698668
0.40781048,17.05011838247902
0.41570857,14.284509925163562
0.37663865,20.992203460567648
0.37516874,19.86715236861628
0.372834,17.00619329284447
0.37211588,17.36797343178774
0.3814357,17.34897509144281
0.3925765,15.860072484388315
0.4056244,17.832091957100594
0.41363055,14.356844042552293
0.41312033,20.674322931201836
0.4261925,23.818711166672756
0.40921953,22.05865022863596
0.43717995,16.315453634085536
0.4321409,19.339427763504283
0.58000517,16.449955948117754
0.55809516,13.975835576344295
0.561705,15.883797029193001
0.530099,15.610885235225165
0.5410718,19.39477421583394
0.62391835,16.370377067205702
0.65566444,19.200760688162596
0.6695318,17.308285881165673
0.6838412,14.760813249835262
0.70253074,20.272776563693505
0.6972135,17.71398659364382
0.74457586,22.990319168550485
0.7274908,15.49373549310265
0.89500713,33.71298788557738
0.7918241,21.543355517935687
0.79813087,14.39660827182032
0.82285774,17.100187156179075
0.8601604,13.969599836840157
0.85412097,23.84230844406094
0.7381333,19.896772632190753
0.6845973,13.458673708474109
0.67697716,18.32500715683896
0.6465113,15.616338181714958
0.633744,19.238086288882613
0.61181027,17.65613250572799
0.5980273,23.421271794318237
0.6291255,27.116821622661195
0.41381994,17.171514832159165
0.3891776,17.708370005801854
0.4003971,16.078071544537615
0.40347537,17.913706803046864
0.4524334,15.56231512038055
0.48932055,21.00994840876223
0.52698714,18.75094089378165
0.5579664,22.394302769526853
0.55785036,21.544397465188936
0.5480223,19.556968806357155
0.53042495,16.216734634160453
0.53820163,18.17271017844007
0.55008954,22.142321230875865
0.5757995,19.77414177160332
0.57669765,18.74549811735404
0.57464767,19.228839468814954
0.6071,16.61729407090845
0.6290546,17.77551439130388
0.46572918,17.706880891653057
0.44182992,16.49573008321854
0.5453651,16.437960147857705
0.5764691,19.619974435187416
0.5896736,16.207735309385313
0.5753945,16.108065754683665
0.6023932,17.486334576561788
0.5947438,22.05808009668126
0.58990616,19.622524018875968
0.5464817,19.017425306341252
0.505115,18.002986492560208
0.50251997,20.99324649332318
0.48257205,16.666054367531515
0.49509773,18.732763037132482
0.49325222,21.710425121854737
0.4964267,21.699864809776553
0.33760336,16.47586523622209
0.27966744,18.784754223843635
0.30062687,16.277948459935047
0.32460466,19.218421463571445
0.34959146,21.125884121732163
0.34348455,17.53811190700074
0.34868622,21.2336172340961
0.34673744,21.522965727841935
0.33029726,22.401802698619903
0.32051587,17.454838351186808
0.33021054,20.77065312492025
0.33920482,21.81405554123203
0.3083243,15.97433471854214
0.31537852,17.009111608253455
0.2960634,14.172949248764358
0.33733806,24.953233218844314
0.31907684,18.80254261092787
0.28532496,20.926872834354015
0.26508126,21.246244856412517
0.25383294,16.787791429296085
0.2573087,16.976418705129255
0.2610886,16.61003082745641
0.25805336,17.259858582506403
0.2627005,15.451911941898633
0.2604384,19.16666588928964
0.24240561,20.21372473896576
0.2646112,14.33071381848326
0.290506,16.814659222319563
0.3067651,29.772257417269884
0.2784726,26.196878943204094
0.25807956,16.865833728542526
0.3916761,24.716535405911284
0.36226317,19.406009645761806
0.4382077,16.06208975104136
0.40236136,18.82570485263293
0.44376248,19.94942712235509
0.44516504,20.430091920560095
0.44153103,18.937160596892397
0.43072128,18.646526134685182
0.4416668,16.53122048880158
0.544298,23.9933536362375
0.7963338,18.30080725872937
0.83974695,25.903006943451206
0.82825965,22.9944420456274
0.78022915,35.7189025284239
0.65521735,14.351402616540842
0.6811967,22.351484962644136
0.78766614,12.425494663272104
1.3410912,15.631504816799566
1.5147738,19.212430450932956
1.4911005,19.63436989872995
1.4727123,14.246024605016125
1.4714788,16.337107934201
1.4776434,17.03316188207557
1.4974025,34.769193183137595
1.1721879,26.861434656159556
1.1131397,17.59148427245934
1.1004155,21.852383517986446
1.0772624,17.478494807697793
1.0887657,22.81298738300874
1.1105587,22.376982429812223
1.533811,79.97816264631794
0.78307915,21.773794184418797
0.70968497,17.75481520058551
0.8093946,18.825988024627822
0.7945554,14.470221859645918
0.7658056,15.459606090006009
0.7627146,32.16215602682249
0.7042225,14.39906596973102
0.75990635,22.724355377575634
0.77370656,15.440057672503542
0.7954215,15.977465888003005
0.7895763,25.191020816205903
0.82049245,15.865559241674662
0.8911153,36.073631251599906
0.48990518,16.20895682096795
0.4124822,14.605600857193112
0.39806658,42.443009102007466
0.2681017,11.228462053142414
0.31611276,14.665670026515064
0.39363712,13.949706696641849
0.37368214,13.623489095291335
0.39192083,17.210994962073944
0.35690412,20.488930852957342
0.3440255,16.421698479821796
0.39137018,19.304862169773465
0.42229003,14.135282416471835
0.7615823,18.388267708735345
0.8506644,16.268670066962557
0.9049108,14.325451762142151
0.96331227,17.81698467879649
1.0042292,17.55945144572061
1.0564754,27.14191422711903
1.0689794,26.402334739460006
1.0349658,19.325044503847863
1.0957477,25.990094532966605
0.9425841,12.753679006956848
0.928864,14.09936239027512
1.0807767,23.871957049034158
1.2199539,16.638194570485467
1.3847625,52.61054069460768
1.1671711,66.56303901744552
0.86230403,33.49884420486457
0.8671903,29.750932654344762
0.8255212,14.736263635480666
0.7851198,21.392471334379167
0.7559105,32.13572838876114
0.7654544,29.964431489257304
0.7587331,17.77120221242145
0.8612893,15.393650744425695
0.85075736,14.37333343104465
0.8939032,52.39960403010578
0.5835691,13.40510008700653
0.57926536,13.650697536007204
0.5795992,19.00095941094778
0.7407376,14.637224026153142
0.7647141,13.85862109500892
0.7545422,15.969305515888427
0.7615308,12.89765435152815
0.7652001,31.737343121504985
0.74452263,16.711466977907968
0.70146066,13.656206487257725
0.6980044,20.97675446333952
0.5409674,14.436898886976818
0.53494006,17.211630993967766
0.5403466,14.459446248389739
0.54392034,14.940728658888446
0.5507835,23.359876521361763
0.62400836,27.52973855971368
0.43012813,23.60813272165519
0.4321747,16.732851006964168
0.43126562,17.868407425323234
0.40826115,16.96148324239049
0.41972616,17.238355237567745
0.41639978,20.291820218766635
0.40152746,19.717082577402998
0.38716194,16.80833511341237
0.3649531,14.583877799378872
0.36905995,15.093569744286317
0.3201251,22.251379422876646
0.32930335,22.69562156071047
0.29446283,18.379809261572117
0.30397424,17.71607168723198
0.4036712,16.199642454346375
0.40153417,17.676865873133078
0.38774452,12.646760985131177
0.38349375,26.640797581538596
0.37712228,20.991036462320952
0.37395337,19.372947515609187
0.3948996,15.497770921600832
0.40003222,16.186939688781905
0.3894707,12.995039445419872
0.42951462,13.116031898520765
0.45936552,15.112975599888223
0.4376774,14.986290790394467
0.41159463,19.666923744604308
0.56107444,26.09873964181432
0.43257234,23.2938608985433
0.32533357,13.409710069584296
0.3362553,15.768997127984502
0.32077733,14.78953515171748
0.31466424,19.080538953838584
0.3249548,24.207097549033875
0.30444363,19.946879826150436
0.28355947,14.756633134742895
0.28504756,19.09316491814753
0.26398635,15.737213766150724
0.28094062,15.319280203122117
0.28508794,20.048314530160333
0.28268108,19.63526482133311
0.25828168,19.399736345569465
0.2482626,15.35625987862294
0.25901353,21.637673201337144
0.25088605,18.670201373889817
0.25545484,22.480261667400985
0.24374704,21.487382127115673
0.24251899,22.18932734046847
0.24858676,15.718915291925523
0.2465337,19.907764145320048
0.24466543,16.79668033098676
0.25998726,17.10357039255071
0.24708132,19.125328337356294
0.24496892,23.493664944931368
0.30998448,17.22955251007607
0.3160226,12.554826310923216
0.3138418,13.567288272645438
0.31040996,17.706316200046906
0.29409286,15.36873300137426
0.27914476,14.29869445131824
0.29471976,19.44680811298688
0.30390948,16.224800953046774
0.2957519,13.066668145427304
0.3534499,12.42091235517249
0.3672982,18.6812514289778
0.3203544,17.723860269967098
0.32199278,13.021534270045745
0.33274937,42.566159152765835
0.29187447,16.296552209894656
0.27936235,12.652663000630092
0.2802661,11.408473977774754
0.33764577,13.325425691001518
0.36650753,13.84845596269883
0.3967753,16.533092950575366
0.41541722,20.634070766678043
0.41824257,22.66763863658222
0.35499197,14.024522597541733
0.30609566,15.382040633581354
0.29600582,16.503780253783994
0.29114306,16.05336306282428
0.2679405,15.770894527891544
0.31101528,19.760420935090018
0.3179809,20.265629305930865
0.32536295,23.779095220936632
0.3758817,21.581128217357072
0.33379847,19.06034012486173
0.31259397,16.435894558669368
0.31947026,15.23033796312632
0.37031427,15.41884695283592
0.38647676,19.601122814335216
0.37872937,14.770433039350586
0.39076027,15.60338765405032
0.4156107,14.790526265313762
0.49452174,14.21984870908424
0.46317786,15.589598300129087
0.45470893,15.628524196109877
0.472826,18.308297515696736
0.46726957,34.07697443546266
0.44543675,15.3087015065787
0.53736305,20.399311325535177
0.56641537,23.843461951380903
0.6082602,31.70433513852713
0.582866,21.31023207346204
0.57293916,21.727635962662752
0.5163508,17.49877223738273
0.49630612,16.395632015310944
0.47845358,21.71605985600168
0.4211814,19.184746253344937
0.42278367,22.73817822719932
0.41325,21.22835571908461
0.39797696,19.388780269021403
0.3361871,16.7586032233987
0.38637444,17.57166314566374
0.32437634,16.44037281641755
0.32396612,16.941940721903794
0.33450443,17.30255362736385
0.44458598,19.382791788966934
0.4564536,17.207757716277126
0.46369582,14.966706495806148
0.49330896,16.012021687984877
0.49264416,16.06049653653246
0.5031308,15.496109055833148
0.50129277,15.953314114332041
0.52500635,16.828809792839003
0.5315964,15.589682577658934
0.5492491,16.604470645696487
0.57995117,18.816342543302106
0.54274553,16.226988972646364
0.6328731,18.23655462140623
0.71433294,32.63910233730632
0.5515256,15.310219315012073
0.5045993,13.824694917733073
0.54031163,18.31600581033426
0.50225794,17.00522709437367
0.53210175,17.81144757421186
0.512362,19.019834747165156
0.5120372,20.860164608053875
0.50096714,27.86262709723876
0.47656506,23.805431552781354
0.48573232,19.691906688901696
0.46864885,20.254272136359692
0.42287078,18.76455191885648
0.4280527,18.686184922013048
0.40437028,18.432550111936216
0.40542886,22.007911656580276
0.41222116,16.72879126509997
0.3910525,16.253333471207824
0.4317779,20.48441632576419
0.39718768,14.62126909744925
0.41285425,17.938389643821907
0.41792464,15.222028437994783
0.44978797,14.503512174825621
0.44020867,17.778009484067383
0.42677414,17.05013948017893
0.46774322,14.062011068790344
0.49076355,16.442798413804432
0.48516363,17.546439139772993
0.46927774,17.254151233483128
0.44918162,18.96066589934028
0.42398468,16.02555275669599
0.41517794,18.5459545050536
0.3943708,15.200830714770479
0.4051397,19.833377895205807
0.4152638,18.329128229324915
0.39648432,22.968944245261476
0.36169878,21.868481748797016
0.32117313,17.2577705569458
0.34384522,21.675436004851782
0.29050457,16.8337286113267
0.28361848,17.45902369522936
0.2762398,15.803907673713152
0.29947546,14.960236674560415
0.3164848,16.27020105544571
0.2921909,17.15314146590816
0.29241377,19.84096841741613
0.30712646,17.3494919125864
0.3213991,18.540875261490186
0.3083448,16.006620038371913
0.29043624,17.948306124927257
0.28228262,17.703403316268677
0.2859159,20.267948453465372
0.27347845,18.17289573001647
0.27726248,17.255263591560755
0.2997737,15.570395959404209
0.33320394,18.698617063287056
0.34396362,20.04240395308585
0.34888998,15.599926959099804
0.39363378,23.68646273132917
0.40127003,23.680451753494996
0.3826311,21.181579146967614
0.35788593,18.56556440046958
0.36411196,16.29608311086794
0.3632062,20.817272263080334
0.3602438,17.29108260762948
0.36489576,18.8594685021619
0.35877687,16.221427598381272
0.37368518,24.3143518707685
0.3683716,19.823227438361947
0.6319549,20.179216820757212
0.604462,18.04207467170675
0.6284044,26.608917581131703
0.6078215,19.707191681927686
0.5902809,23.089157626689694
0.55917144,24.917023645265516
0.5177402,28.464947173560017
0.5019827,19.665143423873484
0.49157938,19.657485734481956
0.51034296,20.311914579117143
0.5455129,24.594484865822277
0.55728793,18.40601396076625
0.56419474,23.75056088841167
0.5952455,25.662683498130992
0.3363199,17.720288864132634
0.41468492,16.18383435951828
0.4770486,17.894690277739443
0.47141388,17.523100211073245
0.45525193,19.09610422050587
0.45347905,23.53852099591659
0.47155404,16.95989381715153
0.46910787,18.61207857897983
0.47217584,20.996022397459097
0.4788828,22.248791451905724
0.6237379,14.251616866735432
0.6602019,18.052447197429085
0.6465394,19.67554671539268
0.6036557,20.477715833492006
0.5558572,26.402604738355926
0.43908456,21.1011087706748
0.3453965,15.489018614434464
0.32495663,14.627920069851719
0.3120979,13.130106384498214
0.30840266,18.369533445420075
0.275812,14.438987144329202
0.25654423,15.532199520358748
0.22338276,24.171218186322818
0.19869477,20.372393617347065
0.07452861,20.650513693823196
0.027764836,16.03397474305151
0.0018184241,13.999441159394593
0.0018184241,13.999441159394593
0.0018184241,13.999441159394593
0.0018184241,13.999441159394593
0.0018184241,13.999441159394593
0.0018184241,13.999441159394593
0.0018184241,13.999441159394593
0.0018184241,13.999441159394593
0.0018184241,13.999441159394593
0.0018184241,13.999441159394593
0.0018184241,13.999441159394593
0.0018184241,13.999441159394593
0.0018184241,13.999441159394593
0.0018184241,13.999441159394593
0.0018184241,13.999441159394593
0.0018184241,13.999441159394593
0.037404258,13.999441159394593
0.0935228,13.999441159394593
0.09388704,13.999441159394593
0.094168566,13.999441159394593
0.09449795,13.999441159394593
0.09473137,13.999441159394593
0.09479876,13.999441159394593
0.0946148,13.999441159394593
0.09410687,13.999441159394593
0.09326112,13.999441159394593
0.09223814,13.999441159394593
0.09152282,13.999441159394593
0.0919768,13.999441159394593
0.09460386,14.722846794503672
0.06383776,17.07871916641059
0.0018184241,13.999441159394593
0.0018184241,13.999441159394593
0.0018184241,13.999441159394593
0.0018184241,13.999441159394593
0.0018184241,13.999441159394593
0.0018184241,13.999441159394593
0.0018184241,13.999441159394593
0.0018184241,13.999441159394593
0.0018184241,13.999441159394593
0.0018184241,13.999441159394593
0.0018184241,13.999441159394593
0.0018184241,13.999441159394593
0.0018184241,13.999441159394593
0.0018184241,13.999441159394593
0.0018184241,13.999441159394593
0.0018184241,13.999441159394593
0.029351898,13.999441159394593
0.120614655,13.999441159394593
0.15534171,13.999441159394593
0.3359765,13.999441159394593
0.45623133,13.999441159394593
0.446395,13.999441159394593
0.46503392,13.999441159394593
0.4797459,13.999441159394593
0.6846353,13.999441159394593
0.6588888,13.999441159394593
0.6956222,13.999441159394593
0.75456655,13.999441159394593
0.92964184,13.999441159394593
0.9563366,13.084547646442632
1.0627956,15.822219760275878
1.0600802,16.484885842067147
1.1029667,33.73962131075695
0.91315717,32.122119084403565
0.7902242,13.96553514758881
0.77116376,13.827227954936312
0.7573396,13.036521599450928
0.78555423,30.22490036282767
0.83579737,26.006274902493274
0.82782996,27.630909842039156
0.7594389,16.658450981563078
0.8071852,41.327682301805325
0.64273417,27.40333115118845
0.5427837,14.05220553324143
0.510701,22.656363904289982
0.59635144,17.013882401810555
0.5673285,14.679939199349318
0.42804858,15.163730100650621
0.4215245,15.056761053076812
0.41801172,18.498893538400868
0.31716055,24.492565270746773
0.3212167,19.69313386661161
0.25430226,14.36402265685483
0.25019553,19.899486237983535
0.26439264,16.137373799794105
0.29239762,15.074016563043513
0.41132158,14.365641132805088
0.38832974,13.949584994566225
0.44348043,34.71761183356807
0.36212444,13.753126003393543
0.35491347,15.828965130072513
0.36994848,16.52294481043336
0.36172312,14.813844364767608
0.38269126,17.34479453188996
0.384425,17.345145978370784
0.41113165,22.04592749440371
0.43691579,16.16493654091008
0.43260962,19.949871450393793
0.56986773,16.74651883588485
0.58743113,26.775587153534097
0.4843734,24.757108817202507
0.44035155,15.830828921692468
0.42103902,13.223240506563297
0.4259771,12.130366043426799
0.43898633,12.826862186558007
0.6315037,12.964673622918053
0.65437037,13.705865828382041
0.6657962,16.598748140551383
0.6392872,15.773911014635473
0.62161064,14.280693652864544
0.5981348,14.220104367550709
0.590288,37.660298717619696
0.47665036,25.159309517892215
0.4329346,21.536254037765886
0.43509728,13.648424348649234
0.43143827,15.153455811385133
0.39312464,12.743076818667932
0.34419596,16.139382885413468
0.3648476,33.54200899945116
0.23531833,21.794150230106094
0.22971055,12.984479481531281
0.2312962,13.700021609594923
0.2510948,14.246101399602153
0.35288805,14.084383719896103
0.37881333,16.78898602649543
0.39732173,12.86196319009795
0.39837793,15.13862715086444
0.42463303,15.698701035017447
0.40883952,13.033838188582124
0.40784213,12.644970029819827
0.40718818,13.140612522661314
0.4151453,14.446577166325511
,16.211038424979066
,16.119198860196377
,16.33247232076654
,14.219331445522954
,36.7837978508943
,36.246866676675026
,12.258742382415843
,14.307131291222252
,20.58345927102347
,13.368313414328156
,14.892890262437128
,14.388655098310576
,14.025910169089743
